timestamp,P_total,p_BASE,T_ext,P_estime_clim,o_climatisation,P_reel_clim,aggregate_estimated
2019-07-01 00:00:00,0.537,0.537,19.7,0.0,0,0.0,0.0
2019-07-01 00:15:00,0.625,0.625,19.7,0.0,0,0.0,0.0
2019-07-01 00:30:00,0.684,0.684,19.7,0.0,0,0.0,0.0
2019-07-01 00:45:00,0.587,0.587,19.7,0.0,0,0.0,0.0
2019-07-01 01:00:00,0.741,0.741,19.0,0.0,0,0.0,0.0
2019-07-01 01:15:00,0.691,0.691,19.0,0.0,0,0.0,0.0
2019-07-01 01:30:00,0.83,0.83,19.0,0.0,0,0.0,0.0
2019-07-01 01:45:00,0.555,0.555,19.0,0.0,0,0.0,0.0
2019-07-01 02:00:00,1.067,1.067,18.5,0.0,0,0.0,0.0
2019-07-01 02:15:00,1.032,1.032,18.5,0.0,0,0.0,0.0
2019-07-01 02:30:00,1.123,1.123,18.5,0.0,0,0.0,0.0
2019-07-01 02:45:00,1.014,1.014,18.5,0.0,0,0.0,0.0
2019-07-01 03:00:00,1.084,1.084,17.9,0.0,0,0.0,0.0
2019-07-01 03:15:00,1.767,1.767,17.9,0.0,0,0.0,0.0
2019-07-01 03:30:00,1.269,1.269,17.9,0.0,0,0.0,0.0
2019-07-01 03:45:00,1.134,1.134,17.9,0.0,0,0.0,0.0
2019-07-01 04:00:00,1.044,1.044,17.5,0.0,0,0.0,0.0
2019-07-01 04:15:00,0.658,0.658,17.5,0.0,0,0.0,0.0
2019-07-01 04:30:00,0.758,0.758,17.5,0.0,0,0.0,0.0
2019-07-01 04:45:00,1.036,1.036,17.5,0.0,0,0.0,0.0
2019-07-01 05:00:00,0.83,0.83,17.4,0.0,0,0.0,0.0
2019-07-01 05:15:00,2.01,2.01,17.4,0.0,0,0.0,0.0
2019-07-01 05:30:00,3.357,3.357,17.4,0.0,0,0.0,0.0
2019-07-01 05:45:00,4.127,4.127,17.4,0.0,0,0.0,0.0
2019-07-01 06:00:00,5.31,5.31,18.4,0.0,0,0.0,0.0
2019-07-01 06:15:00,5.99,5.99,18.4,0.0,0,0.0,0.0
2019-07-01 06:30:00,6.108,6.108,18.4,0.0,0,0.0,0.0
2019-07-01 06:45:00,6.207,6.207,18.4,0.0,0,0.0,0.0
2019-07-01 07:00:00,6.278,6.278,20.4,0.0,0,0.0,0.0
2019-07-01 07:15:00,6.342,6.342,20.4,0.0,0,0.0,0.0
2019-07-01 07:30:00,6.407,6.407,20.4,0.0,0,0.0,0.0
2019-07-01 07:45:00,6.425,6.425,20.4,0.0,0,0.0,0.0
2019-07-01 08:00:00,6.455,6.455,22.4,0.0,0,0.0,0.0
2019-07-01 08:15:00,6.457,6.457,22.4,0.0,0,0.0,0.0
2019-07-01 08:30:00,6.475,6.475,22.4,0.0,0,0.0,0.0
2019-07-01 08:45:00,6.512,6.512,22.4,0.0,0,0.0,0.0
2019-07-01 09:00:00,6.673,6.673,24.1,0.0,0,0.0,0.0
2019-07-01 09:15:00,6.619,6.619,24.1,0.0,0,0.0,0.0
2019-07-01 09:30:00,6.599,6.599,24.1,0.0,0,0.0,0.0
2019-07-01 09:45:00,6.569,6.569,24.1,0.0,0,0.0,0.0
2019-07-01 10:00:00,6.542,6.542,25.5,0.0,0,0.0,0.0
2019-07-01 10:15:00,6.495,6.495,25.5,0.0,0,0.0,0.0
2019-07-01 10:30:00,6.445,6.445,25.5,0.0,0,0.0,0.0
2019-07-01 10:45:00,6.432,6.432,25.5,0.0,0,0.0,0.0
2019-07-01 11:00:00,6.547,6.547,26.7,0.0,0,0.0,0.0
2019-07-01 11:15:00,6.42,6.42,26.7,0.0,0,0.0,0.0
2019-07-01 11:30:00,6.529,6.529,26.7,0.0,0,0.0,0.0
2019-07-01 11:45:00,6.497,6.497,26.7,0.0,0,0.0,0.0
2019-07-01 12:00:00,6.373,6.373,27.7,0.0,0,0.0,0.0
2019-07-01 12:15:00,6.337,6.337,27.7,0.0,0,0.0,0.0
2019-07-01 12:30:00,6.391,6.391,27.7,0.0,0,0.0,0.0
2019-07-01 12:45:00,5.954,5.954,27.7,0.0,0,0.0,0.0
2019-07-01 13:00:00,6.21,6.21,28.5,0.0,0,0.0,0.0
2019-07-01 13:15:00,6.113,6.113,28.5,0.0,0,0.0,0.0
2019-07-01 13:30:00,5.917,5.917,28.5,0.0,0,0.0,0.0
2019-07-01 13:45:00,5.901,5.901,28.5,0.0,0,0.0,0.0
2019-07-01 14:00:00,6.286,6.286,29.0,0.0,0,0.0,0.0
2019-07-01 14:15:00,6.142,6.142,29.0,0.0,0,0.0,0.0
2019-07-01 14:30:00,5.95,5.95,29.0,0.0,0,0.0,0.0
2019-07-01 14:45:00,5.892,5.892,29.0,0.0,0,0.0,0.0
2019-07-01 15:00:00,5.985,5.985,29.5,0.0,0,0.0,0.0
2019-07-01 15:15:00,5.593,5.593,29.5,0.0,0,0.0,0.0
2019-07-01 15:30:00,5.828,5.828,29.5,0.0,0,0.0,0.0
2019-07-01 15:45:00,5.483,5.483,29.5,0.0,0,0.0,0.0
2019-07-01 16:00:00,3.946,3.946,29.3,0.0,0,0.0,0.0
2019-07-01 16:15:00,1.906,1.906,29.3,0.0,0,0.0,0.0
2019-07-01 16:30:00,0.591,0.591,29.3,0.0,0,0.0,0.0
2019-07-01 16:45:00,0.573,0.573,29.3,0.0,0,0.0,0.0
2019-07-01 17:00:00,0.388,0.388,28.6,0.0,0,0.0,0.0
2019-07-01 17:15:00,0.4469999999999999,0.4469999999999999,28.6,0.0,0,0.0,0.0
2019-07-01 17:30:00,0.555,0.05500000000000005,28.6,0.5,1,0.0,0.5
2019-07-01 17:45:00,0.541,0.541,28.6,0.0,0,0.0,0.0
2019-07-01 18:00:00,0.6100000000000001,0.1100000000000001,27.6,0.5,1,0.0,0.5
2019-07-01 18:15:00,0.959,0.45899999999999996,27.6,0.5,1,0.0,0.5
2019-07-01 18:30:00,1.044,0.544,27.6,0.5,1,0.0,0.5
2019-07-01 18:45:00,1.193,0.6930000000000001,27.6,0.5,1,0.0,0.5
2019-07-01 19:00:00,0.888,0.388,25.4,0.5,1,0.0,0.5
2019-07-01 19:15:00,0.962,0.46199999999999997,25.4,0.5,1,0.0,0.5
2019-07-01 19:30:00,1.189,0.6890000000000001,25.4,0.5,1,0.0,0.5
2019-07-01 19:45:00,1.048,0.548,25.4,0.5,1,0.0,0.5
2019-07-01 20:00:00,0.974,0.474,24.3,0.5,1,0.0,0.5
2019-07-01 20:15:00,1.065,0.565,24.3,0.5,1,0.0,0.5
2019-07-01 20:30:00,1.141,0.641,24.3,0.5,1,0.0,0.5
2019-07-01 20:45:00,0.793,0.29300000000000004,24.3,0.5,1,0.0,0.5
2019-07-01 21:00:00,0.728,0.728,23.1,0.0,0,0.0,0.0
2019-07-01 21:15:00,0.42,0.42,23.1,0.0,0,0.0,0.0
2019-07-01 21:30:00,0.323,0.323,23.1,0.0,0,0.0,0.0
2019-07-01 21:45:00,0.407,0.407,23.1,0.0,0,0.0,0.0
2019-07-01 22:00:00,0.473,0.473,22.2,0.0,0,0.0,0.0
2019-07-01 22:15:00,0.636,0.636,22.2,0.0,0,0.0,0.0
2019-07-01 22:30:00,0.546,0.546,22.2,0.0,0,0.0,0.0
2019-07-01 22:45:00,0.614,0.614,22.2,0.0,0,0.0,0.0
2019-07-01 23:00:00,0.69,0.69,21.4,0.0,0,0.0,0.0
2019-07-01 23:15:00,0.563,0.563,21.4,0.0,0,0.0,0.0
2019-07-01 23:30:00,0.597,0.597,21.4,0.0,0,0.0,0.0
2019-07-01 23:45:00,0.579,0.579,21.4,0.0,0,0.0,0.0
2019-07-02 00:00:00,0.683,0.683,20.6,0.0,0,0.0,0.0
2019-07-02 00:15:00,0.699,0.699,20.6,0.0,0,0.0,0.0
2019-07-02 00:30:00,0.536,0.536,20.6,0.0,0,0.0,0.0
2019-07-02 00:45:00,0.605,0.605,20.6,0.0,0,0.0,0.0
2019-07-02 01:00:00,0.715,0.715,19.7,0.0,0,0.0,0.0
2019-07-02 01:15:00,0.622,0.622,19.7,0.0,0,0.0,0.0
2019-07-02 01:30:00,0.742,0.742,19.7,0.0,0,0.0,0.0
2019-07-02 01:45:00,0.799,0.799,19.7,0.0,0,0.0,0.0
2019-07-02 02:00:00,0.666,0.666,19.2,0.0,0,0.0,0.0
2019-07-02 02:15:00,0.703,0.703,19.2,0.0,0,0.0,0.0
2019-07-02 02:30:00,0.641,0.641,19.2,0.0,0,0.0,0.0
2019-07-02 02:45:00,0.806,0.806,19.2,0.0,0,0.0,0.0
2019-07-02 03:00:00,0.696,0.696,18.7,0.0,0,0.0,0.0
2019-07-02 03:15:00,0.871,0.871,18.7,0.0,0,0.0,0.0
2019-07-02 03:30:00,1.742,1.742,18.7,0.0,0,0.0,0.0
2019-07-02 03:45:00,0.78,0.78,18.7,0.0,0,0.0,0.0
2019-07-02 04:00:00,0.706,0.706,18.8,0.0,0,0.0,0.0
2019-07-02 04:15:00,0.59,0.59,18.8,0.0,0,0.0,0.0
2019-07-02 04:30:00,0.81,0.81,18.8,0.0,0,0.0,0.0
2019-07-02 04:45:00,1.121,1.121,18.8,0.0,0,0.0,0.0
2019-07-02 05:00:00,0.505,0.505,19.2,0.0,0,0.0,0.0
2019-07-02 05:15:00,0.401,0.401,19.2,0.0,0,0.0,0.0
2019-07-02 05:30:00,0.735,0.735,19.2,0.0,0,0.0,0.0
2019-07-02 05:45:00,0.572,0.572,19.2,0.0,0,0.0,0.0
2019-07-02 06:00:00,0.876,0.876,20.6,0.0,0,0.0,0.0
2019-07-02 06:15:00,0.889,0.889,20.6,0.0,0,0.0,0.0
2019-07-02 06:30:00,0.638,0.638,20.6,0.0,0,0.0,0.0
2019-07-02 06:45:00,0.756,0.756,20.6,0.0,0,0.0,0.0
2019-07-02 07:00:00,1.102,1.102,22.6,0.0,0,0.0,0.0
2019-07-02 07:15:00,1.716,1.716,22.6,0.0,0,0.0,0.0
2019-07-02 07:30:00,1.905,1.905,22.6,0.0,0,0.0,0.0
2019-07-02 07:45:00,2.035,2.035,22.6,0.0,0,0.0,0.0
2019-07-02 08:00:00,1.189,1.189,24.8,0.0,0,0.0,0.0
2019-07-02 08:15:00,1.004,1.004,24.8,0.0,0,0.0,0.0
2019-07-02 08:30:00,1.361,0.861,24.8,0.5,1,0.0,0.5
2019-07-02 08:45:00,0.789,0.789,24.8,0.0,0,0.0,0.0
2019-07-02 09:00:00,0.626,0.626,26.8,0.0,0,0.0,0.0
2019-07-02 09:15:00,1.399,0.899,26.8,0.5,1,0.0,0.5
2019-07-02 09:30:00,2.396,0.8959999999999999,26.8,1.5,1,0.0,1.5
2019-07-02 09:45:00,1.152,1.152,26.8,0.0,0,0.0,0.0
2019-07-02 10:00:00,0.849,0.849,28.5,0.0,0,0.0,0.0
2019-07-02 10:15:00,0.628,0.628,28.5,0.0,0,0.0,0.0
2019-07-02 10:30:00,0.923,0.923,28.5,0.0,0,0.0,0.0
2019-07-02 10:45:00,2.709,2.709,28.5,0.0,0,0.0,0.0
2019-07-02 11:00:00,3.735,1.2349999999999999,29.1,2.5,1,0.0,2.5
2019-07-02 11:15:00,2.524,0.02400000000000002,29.1,2.5,1,0.0,2.5
2019-07-02 11:30:00,2.997,0.4969999999999999,29.1,2.5,1,0.0,2.5
2019-07-02 11:45:00,2.891,0.391,29.1,2.5,1,0.0,2.5
2019-07-02 12:00:00,2.034,2.034,28.5,0.0,0,0.0,0.0
2019-07-02 12:15:00,1.804,1.804,28.5,0.0,0,0.0,0.0
2019-07-02 12:30:00,1.639,1.639,28.5,0.0,0,0.0,0.0
2019-07-02 12:45:00,1.952,0.45199999999999996,28.5,1.5,1,0.0,1.5
2019-07-02 13:00:00,2.553,2.553,28.4,0.0,0,0.0,0.0
2019-07-02 13:15:00,2.592,2.592,28.4,0.0,0,0.0,0.0
2019-07-02 13:30:00,2.315,2.315,28.4,0.0,0,0.0,0.0
2019-07-02 13:45:00,1.532,1.532,28.4,0.0,0,0.0,0.0
2019-07-02 14:00:00,1.24,1.24,29.5,0.0,0,0.0,0.0
2019-07-02 14:15:00,1.385,1.385,29.5,0.0,0,0.0,0.0
2019-07-02 14:30:00,1.497,1.497,29.5,0.0,0,0.0,0.0
2019-07-02 14:45:00,1.459,0.9590000000000001,29.5,0.5,1,0.0,0.5
2019-07-02 15:00:00,1.163,1.163,29.9,0.0,0,0.0,0.0
2019-07-02 15:15:00,1.228,1.228,29.9,0.0,0,0.0,0.0
2019-07-02 15:30:00,1.151,1.151,29.9,0.0,0,0.0,0.0
2019-07-02 15:45:00,1.414,0.9139999999999999,29.9,0.5,1,0.0,0.5
2019-07-02 16:00:00,1.408,0.9079999999999999,29.8,0.5,1,0.0,0.5
2019-07-02 16:15:00,1.544,0.04400000000000004,29.8,1.5,1,0.0,1.5
2019-07-02 16:30:00,0.745,0.245,29.8,0.5,1,0.0,0.5
2019-07-02 16:45:00,0.63,0.63,29.8,0.0,0,0.0,0.0
2019-07-02 17:00:00,0.643,0.14300000000000002,29.1,0.5,1,0.0,0.5
2019-07-02 17:15:00,0.819,0.31899999999999995,29.1,0.5,1,0.0,0.5
2019-07-02 17:30:00,0.75,0.75,29.1,0.0,0,0.0,0.0
2019-07-02 17:45:00,0.7050000000000001,0.7050000000000001,29.1,0.0,0,0.0,0.0
2019-07-02 18:00:00,0.812,0.812,28.2,0.0,0,0.0,0.0
2019-07-02 18:15:00,0.54,0.54,28.2,0.0,0,0.0,0.0
2019-07-02 18:30:00,0.546,0.04600000000000004,28.2,0.5,1,0.0,0.5
2019-07-02 18:45:00,0.696,0.696,28.2,0.0,0,0.0,0.0
2019-07-02 19:00:00,0.486,0.486,26.9,0.0,0,0.0,0.0
2019-07-02 19:15:00,0.507,0.507,26.9,0.0,0,0.0,0.0
2019-07-02 19:30:00,0.608,0.10799999999999998,26.9,0.5,1,0.0,0.5
2019-07-02 19:45:00,0.57,0.57,26.9,0.0,0,0.0,0.0
2019-07-02 20:00:00,0.562,0.562,25.2,0.0,0,0.0,0.0
2019-07-02 20:15:00,0.603,0.603,25.2,0.0,0,0.0,0.0
2019-07-02 20:30:00,0.519,0.519,25.2,0.0,0,0.0,0.0
2019-07-02 20:45:00,0.49,0.49,25.2,0.0,0,0.0,0.0
2019-07-02 21:00:00,0.52,0.52,24.5,0.0,0,0.0,0.0
2019-07-02 21:15:00,0.612,0.612,24.5,0.0,0,0.0,0.0
2019-07-02 21:30:00,0.511,0.511,24.5,0.0,0,0.0,0.0
2019-07-02 21:45:00,0.505,0.505,24.5,0.0,0,0.0,0.0
2019-07-02 22:00:00,0.624,0.624,24.5,0.0,0,0.0,0.0
2019-07-02 22:15:00,0.478,0.478,24.5,0.0,0,0.0,0.0
2019-07-02 22:30:00,0.466,0.466,24.5,0.0,0,0.0,0.0
2019-07-02 22:45:00,0.51,0.51,24.5,0.0,0,0.0,0.0
2019-07-02 23:00:00,0.597,0.597,24.0,0.0,0,0.0,0.0
2019-07-02 23:15:00,0.597,0.597,24.0,0.0,0,0.0,0.0
2019-07-02 23:30:00,0.4,0.4,24.0,0.0,0,0.0,0.0
2019-07-02 23:45:00,0.475,0.475,24.0,0.0,0,0.0,0.0
2019-07-03 00:00:00,0.673,0.673,24.0,0.0,0,0.0,0.0
2019-07-03 00:15:00,0.441,0.441,24.0,0.0,0,0.0,0.0
2019-07-03 00:30:00,0.436,0.436,24.0,0.0,0,0.0,0.0
2019-07-03 00:45:00,0.604,0.604,24.0,0.0,0,0.0,0.0
2019-07-03 01:00:00,0.529,0.529,23.6,0.0,0,0.0,0.0
2019-07-03 01:15:00,0.375,0.375,23.6,0.0,0,0.0,0.0
2019-07-03 01:30:00,0.428,0.428,23.6,0.0,0,0.0,0.0
2019-07-03 01:45:00,0.479,0.479,23.6,0.0,0,0.0,0.0
2019-07-03 02:00:00,0.348,0.348,23.2,0.0,0,0.0,0.0
2019-07-03 02:15:00,0.457,0.457,23.2,0.0,0,0.0,0.0
2019-07-03 02:30:00,0.586,0.586,23.2,0.0,0,0.0,0.0
2019-07-03 02:45:00,0.507,0.507,23.2,0.0,0,0.0,0.0
2019-07-03 03:00:00,0.504,0.504,22.9,0.0,0,0.0,0.0
2019-07-03 03:15:00,1.256,1.256,22.9,0.0,0,0.0,0.0
2019-07-03 03:30:00,0.743,0.743,22.9,0.0,0,0.0,0.0
2019-07-03 03:45:00,0.8290000000000001,0.8290000000000001,22.9,0.0,0,0.0,0.0
2019-07-03 04:00:00,0.553,0.553,22.4,0.0,0,0.0,0.0
2019-07-03 04:15:00,0.51,0.51,22.4,0.0,0,0.0,0.0
2019-07-03 04:30:00,0.485,0.485,22.4,0.0,0,0.0,0.0
2019-07-03 04:45:00,1.14,1.14,22.4,0.0,0,0.0,0.0
2019-07-03 05:00:00,0.688,0.688,22.5,0.0,0,0.0,0.0
2019-07-03 05:15:00,0.935,0.935,22.5,0.0,0,0.0,0.0
2019-07-03 05:30:00,1.194,1.194,22.5,0.0,0,0.0,0.0
2019-07-03 05:45:00,1.791,1.791,22.5,0.0,0,0.0,0.0
2019-07-03 06:00:00,1.975,1.975,23.5,0.0,0,0.0,0.0
2019-07-03 06:15:00,1.694,1.694,23.5,0.0,0,0.0,0.0
2019-07-03 06:30:00,1.265,1.265,23.5,0.0,0,0.0,0.0
2019-07-03 06:45:00,1.056,1.056,23.5,0.0,0,0.0,0.0
2019-07-03 07:00:00,2.556,2.556,24.5,0.0,0,0.0,0.0
2019-07-03 07:15:00,1.239,1.239,24.5,0.0,0,0.0,0.0
2019-07-03 07:30:00,1.652,1.652,24.5,0.0,0,0.0,0.0
2019-07-03 07:45:00,1.793,1.793,24.5,0.0,0,0.0,0.0
2019-07-03 08:00:00,4.177,1.6769999999999996,25.9,2.5,1,0.0,2.5
2019-07-03 08:15:00,2.452,2.452,25.9,0.0,0,0.0,0.0
2019-07-03 08:30:00,2.627,2.627,25.9,0.0,0,0.0,0.0
2019-07-03 08:45:00,2.075,2.075,25.9,0.0,0,0.0,0.0
2019-07-03 09:00:00,2.662,2.662,27.0,0.0,0,0.0,0.0
2019-07-03 09:15:00,4.14,4.14,27.0,0.0,0,0.0,0.0
2019-07-03 09:30:00,5.73,5.23,27.0,0.5,1,0.0,0.5
2019-07-03 09:45:00,5.214,5.214,27.0,0.0,0,0.0,0.0
2019-07-03 10:00:00,4.527,4.527,27.4,0.0,0,0.0,0.0
2019-07-03 10:15:00,4.51,4.51,27.4,0.0,0,0.0,0.0
2019-07-03 10:30:00,5.814,5.814,27.4,0.0,0,0.0,0.0
2019-07-03 10:45:00,6.229,6.229,27.4,0.0,0,0.0,0.0
2019-07-03 11:00:00,5.833,5.833,27.6,0.0,0,0.0,0.0
2019-07-03 11:15:00,3.754,3.754,27.6,0.0,0,0.0,0.0
2019-07-03 11:30:00,5.788,5.288,27.6,0.5,1,0.0,0.5
2019-07-03 11:45:00,4.955,4.955,27.6,0.0,0,0.0,0.0
2019-07-03 12:00:00,5.999,3.4989999999999997,28.2,2.5,1,0.0,2.5
2019-07-03 12:15:00,6.338,3.838,28.2,2.5,1,0.0,2.5
2019-07-03 12:30:00,6.325,6.325,28.2,0.0,0,0.0,0.0
2019-07-03 12:45:00,4.928,4.928,28.2,0.0,0,0.0,0.0
2019-07-03 13:00:00,3.168,3.168,28.5,0.0,0,0.0,0.0
2019-07-03 13:15:00,1.803,1.803,28.5,0.0,0,0.0,0.0
2019-07-03 13:30:00,1.552,1.552,28.5,0.0,0,0.0,0.0
2019-07-03 13:45:00,3.401,3.401,28.5,0.0,0,0.0,0.0
2019-07-03 14:00:00,5.486,5.486,28.9,0.0,0,0.0,0.0
2019-07-03 14:15:00,6.066,3.566,28.9,2.5,1,0.0,2.5
2019-07-03 14:30:00,5.908,5.908,28.9,0.0,0,0.0,0.0
2019-07-03 14:45:00,5.851,5.851,28.9,0.0,0,0.0,0.0
2019-07-03 15:00:00,5.709,5.209,28.9,0.5,1,0.0,0.5
2019-07-03 15:15:00,5.695,5.695,28.9,0.0,0,0.0,0.0
2019-07-03 15:30:00,5.589,5.089,28.9,0.5,1,0.0,0.5
2019-07-03 15:45:00,5.375,5.375,28.9,0.0,0,0.0,0.0
2019-07-03 16:00:00,3.077,2.577,28.9,0.5,1,0.0,0.5
2019-07-03 16:15:00,1.922,1.422,28.9,0.5,1,0.0,0.5
2019-07-03 16:30:00,0.911,0.911,28.9,0.0,0,0.0,0.0
2019-07-03 16:45:00,0.892,0.892,28.9,0.0,0,0.0,0.0
2019-07-03 17:00:00,0.673,0.673,28.8,0.0,0,0.0,0.0
2019-07-03 17:15:00,0.812,0.31200000000000006,28.8,0.5,1,0.0,0.5
2019-07-03 17:30:00,0.94,0.43999999999999995,28.8,0.5,1,0.0,0.5
2019-07-03 17:45:00,0.867,0.367,28.8,0.5,1,0.0,0.5
2019-07-03 18:00:00,0.866,0.366,28.2,0.5,1,0.0,0.5
2019-07-03 18:15:00,0.788,0.28800000000000003,28.2,0.5,1,0.0,0.5
2019-07-03 18:30:00,0.707,0.20699999999999996,28.2,0.5,1,0.0,0.5
2019-07-03 18:45:00,0.856,0.356,28.2,0.5,1,0.0,0.5
2019-07-03 19:00:00,0.915,0.41500000000000004,27.6,0.5,1,0.0,0.5
2019-07-03 19:15:00,0.878,0.378,27.6,0.5,1,0.0,0.5
2019-07-03 19:30:00,0.853,0.353,27.6,0.5,1,0.0,0.5
2019-07-03 19:45:00,0.556,0.556,27.6,0.0,0,0.0,0.0
2019-07-03 20:00:00,0.479,0.479,25.6,0.0,0,0.0,0.0
2019-07-03 20:15:00,0.572,0.07199999999999995,25.6,0.5,1,0.0,0.5
2019-07-03 20:30:00,0.547,0.547,25.6,0.0,0,0.0,0.0
2019-07-03 20:45:00,0.818,0.31799999999999995,25.6,0.5,1,0.0,0.5
2019-07-03 21:00:00,0.482,0.482,25.0,0.0,0,0.0,0.0
2019-07-03 21:15:00,0.395,0.395,25.0,0.0,0,0.0,0.0
2019-07-03 21:30:00,0.403,0.403,25.0,0.0,0,0.0,0.0
2019-07-03 21:45:00,0.421,0.421,25.0,0.0,0,0.0,0.0
2019-07-03 22:00:00,0.52,0.52,23.6,0.0,0,0.0,0.0
2019-07-03 22:15:00,0.511,0.511,23.6,0.0,0,0.0,0.0
2019-07-03 22:30:00,0.4,0.4,23.6,0.0,0,0.0,0.0
2019-07-03 22:45:00,0.382,0.382,23.6,0.0,0,0.0,0.0
2019-07-03 23:00:00,0.523,0.523,25.1,0.0,0,0.0,0.0
2019-07-03 23:15:00,0.477,0.477,25.1,0.0,0,0.0,0.0
2019-07-03 23:30:00,0.426,0.426,25.1,0.0,0,0.0,0.0
2019-07-03 23:45:00,0.531,0.531,25.1,0.0,0,0.0,0.0
2019-07-04 00:00:00,0.563,0.563,24.8,0.0,0,0.0,0.0
2019-07-04 00:15:00,0.374,0.374,24.8,0.0,0,0.0,0.0
2019-07-04 00:30:00,0.421,0.421,24.8,0.0,0,0.0,0.0
2019-07-04 00:45:00,0.485,0.485,24.8,0.0,0,0.0,0.0
2019-07-04 01:00:00,0.511,0.511,24.5,0.0,0,0.0,0.0
2019-07-04 01:15:00,0.477,0.477,24.5,0.0,0,0.0,0.0
2019-07-04 01:30:00,0.537,0.537,24.5,0.0,0,0.0,0.0
2019-07-04 01:45:00,0.569,0.569,24.5,0.0,0,0.0,0.0
2019-07-04 02:00:00,0.476,0.476,23.6,0.0,0,0.0,0.0
2019-07-04 02:15:00,0.418,0.418,23.6,0.0,0,0.0,0.0
2019-07-04 02:30:00,0.47,0.47,23.6,0.0,0,0.0,0.0
2019-07-04 02:45:00,1.186,1.186,23.6,0.0,0,0.0,0.0
2019-07-04 03:00:00,1.1,1.1,23.2,0.0,0,0.0,0.0
2019-07-04 03:15:00,1.106,1.106,23.2,0.0,0,0.0,0.0
2019-07-04 03:30:00,1.265,1.265,23.2,0.0,0,0.0,0.0
2019-07-04 03:45:00,1.132,1.132,23.2,0.0,0,0.0,0.0
2019-07-04 04:00:00,1.149,1.149,22.6,0.0,0,0.0,0.0
2019-07-04 04:15:00,1.133,1.133,22.6,0.0,0,0.0,0.0
2019-07-04 04:30:00,1.198,1.198,22.6,0.0,0,0.0,0.0
2019-07-04 04:45:00,1.183,1.183,22.6,0.0,0,0.0,0.0
2019-07-04 05:00:00,1.013,1.013,22.1,0.0,0,0.0,0.0
2019-07-04 05:15:00,1.72,1.72,22.1,0.0,0,0.0,0.0
2019-07-04 05:30:00,2.931,2.931,22.1,0.0,0,0.0,0.0
2019-07-04 05:45:00,3.729,3.729,22.1,0.0,0,0.0,0.0
2019-07-04 06:00:00,4.795,4.795,23.6,0.0,0,0.0,0.0
2019-07-04 06:15:00,5.39,5.39,23.6,0.0,0,0.0,0.0
2019-07-04 06:30:00,5.429,5.429,23.6,0.0,0,0.0,0.0
2019-07-04 06:45:00,5.619,5.119,23.6,0.5,1,0.0,0.5
2019-07-04 07:00:00,5.759,5.759,25.2,0.0,0,0.0,0.0
2019-07-04 07:15:00,5.49,5.49,25.2,0.0,0,0.0,0.0
2019-07-04 07:30:00,5.802,5.802,25.2,0.0,0,0.0,0.0
2019-07-04 07:45:00,5.891,5.891,25.2,0.0,0,0.0,0.0
2019-07-04 08:00:00,6.046,6.046,27.0,0.0,0,0.0,0.0
2019-07-04 08:15:00,4.607,4.107,27.0,0.5,1,0.0,0.5
2019-07-04 08:30:00,6.11,5.61,27.0,0.5,1,0.0,0.5
2019-07-04 08:45:00,6.278,5.778,27.0,0.5,1,0.0,0.5
2019-07-04 09:00:00,6.069,5.569,28.4,0.5,1,0.0,0.5
2019-07-04 09:15:00,6.21,6.21,28.4,0.0,0,0.0,0.0
2019-07-04 09:30:00,6.392,5.892,28.4,0.5,1,0.0,0.5
2019-07-04 09:45:00,6.428,3.928,28.4,2.5,1,0.0,2.5
2019-07-04 10:00:00,6.043,6.043,29.5,0.0,0,0.0,0.0
2019-07-04 10:15:00,6.306,6.306,29.5,0.0,0,0.0,0.0
2019-07-04 10:30:00,5.438,4.938,29.5,0.5,1,0.0,0.5
2019-07-04 10:45:00,5.891,5.391,29.5,0.5,1,0.0,0.5
2019-07-04 11:00:00,6.303,5.803,30.0,0.5,1,0.0,0.5
2019-07-04 11:15:00,6.211,6.211,30.0,0.0,0,0.0,0.0
2019-07-04 11:30:00,4.851,4.851,30.0,0.0,0,0.0,0.0
2019-07-04 11:45:00,3.715,3.715,30.0,0.0,0,0.0,0.0
2019-07-04 12:00:00,2.595,2.595,29.9,0.0,0,0.0,0.0
2019-07-04 12:15:00,6.845,4.345,29.9,2.5,1,0.0,2.5
2019-07-04 12:30:00,5.542,5.542,29.9,0.0,0,0.0,0.0
2019-07-04 12:45:00,6.417,6.417,29.9,0.0,0,0.0,0.0
2019-07-04 13:00:00,6.241,5.741,29.8,0.5,1,0.0,0.5
2019-07-04 13:15:00,3.974,3.974,29.8,0.0,0,0.0,0.0
2019-07-04 13:30:00,6.137,6.137,29.8,0.0,0,0.0,0.0
2019-07-04 13:45:00,6.032,6.032,29.8,0.0,0,0.0,0.0
2019-07-04 14:00:00,4.827,4.327,29.4,0.5,1,0.0,0.5
2019-07-04 14:15:00,2.447,2.447,29.4,0.0,0,0.0,0.0
2019-07-04 14:30:00,1.299,1.299,29.4,0.0,0,0.0,0.0
2019-07-04 14:45:00,2.222,2.222,29.4,0.0,0,0.0,0.0
2019-07-04 15:00:00,3.626,1.126,29.0,2.5,1,0.0,2.5
2019-07-04 15:15:00,2.773,2.773,29.0,0.0,0,0.0,0.0
2019-07-04 15:30:00,1.177,1.177,29.0,0.0,0,0.0,0.0
2019-07-04 15:45:00,0.764,0.764,29.0,0.0,0,0.0,0.0
2019-07-04 16:00:00,0.793,0.29300000000000004,27.5,0.5,1,0.0,0.5
2019-07-04 16:15:00,0.7230000000000001,0.7230000000000001,27.5,0.0,0,0.0,0.0
2019-07-04 16:30:00,0.921,0.42100000000000004,27.5,0.5,1,0.0,0.5
2019-07-04 16:45:00,0.6639999999999999,0.6639999999999999,27.5,0.0,0,0.0,0.0
2019-07-04 17:00:00,0.652,0.652,26.2,0.0,0,0.0,0.0
2019-07-04 17:15:00,0.802,0.30200000000000005,26.2,0.5,1,0.0,0.5
2019-07-04 17:30:00,0.86,0.36,26.2,0.5,1,0.0,0.5
2019-07-04 17:45:00,0.965,0.46499999999999997,26.2,0.5,1,0.0,0.5
2019-07-04 18:00:00,0.861,0.361,25.0,0.5,1,0.0,0.5
2019-07-04 18:15:00,0.835,0.33499999999999996,25.0,0.5,1,0.0,0.5
2019-07-04 18:30:00,1.068,0.5680000000000001,25.0,0.5,1,0.0,0.5
2019-07-04 18:45:00,0.847,0.347,25.0,0.5,1,0.0,0.5
2019-07-04 19:00:00,0.772,0.272,24.0,0.5,1,0.0,0.5
2019-07-04 19:15:00,0.896,0.896,24.0,0.0,0,0.0,0.0
2019-07-04 19:30:00,0.873,0.373,24.0,0.5,1,0.0,0.5
2019-07-04 19:45:00,0.719,0.21899999999999997,24.0,0.5,1,0.0,0.5
2019-07-04 20:00:00,0.53,0.53,22.4,0.0,0,0.0,0.0
2019-07-04 20:15:00,0.515,0.515,22.4,0.0,0,0.0,0.0
2019-07-04 20:30:00,0.559,0.559,22.4,0.0,0,0.0,0.0
2019-07-04 20:45:00,0.599,0.599,22.4,0.0,0,0.0,0.0
2019-07-04 21:00:00,0.446,0.446,21.8,0.0,0,0.0,0.0
2019-07-04 21:15:00,0.466,0.466,21.8,0.0,0,0.0,0.0
2019-07-04 21:30:00,0.462,0.462,21.8,0.0,0,0.0,0.0
2019-07-04 21:45:00,0.401,0.401,21.8,0.0,0,0.0,0.0
2019-07-04 22:00:00,0.396,0.396,21.5,0.0,0,0.0,0.0
2019-07-04 22:15:00,0.608,0.608,21.5,0.0,0,0.0,0.0
2019-07-04 22:30:00,0.537,0.537,21.5,0.0,0,0.0,0.0
2019-07-04 22:45:00,0.522,0.522,21.5,0.0,0,0.0,0.0
2019-07-04 23:00:00,0.599,0.599,21.4,0.0,0,0.0,0.0
2019-07-04 23:15:00,0.741,0.741,21.4,0.0,0,0.0,0.0
2019-07-04 23:30:00,0.565,0.565,21.4,0.0,0,0.0,0.0
2019-07-04 23:45:00,0.359,0.359,21.4,0.0,0,0.0,0.0
2019-07-05 00:00:00,0.559,0.559,21.3,0.0,0,0.0,0.0
2019-07-05 00:15:00,0.554,0.554,21.3,0.0,0,0.0,0.0
2019-07-05 00:30:00,0.491,0.491,21.3,0.0,0,0.0,0.0
2019-07-05 00:45:00,0.441,0.441,21.3,0.0,0,0.0,0.0
2019-07-05 01:00:00,0.518,0.518,20.9,0.0,0,0.0,0.0
2019-07-05 01:15:00,0.695,0.695,20.9,0.0,0,0.0,0.0
2019-07-05 01:30:00,0.605,0.605,20.9,0.0,0,0.0,0.0
2019-07-05 01:45:00,0.483,0.483,20.9,0.0,0,0.0,0.0
2019-07-05 02:00:00,0.496,0.496,20.9,0.0,0,0.0,0.0
2019-07-05 02:15:00,0.682,0.682,20.9,0.0,0,0.0,0.0
2019-07-05 02:30:00,0.572,0.572,20.9,0.0,0,0.0,0.0
2019-07-05 02:45:00,0.949,0.949,20.9,0.0,0,0.0,0.0
2019-07-05 03:00:00,1.105,1.105,20.6,0.0,0,0.0,0.0
2019-07-05 03:15:00,1.034,1.034,20.6,0.0,0,0.0,0.0
2019-07-05 03:30:00,1.315,1.315,20.6,0.0,0,0.0,0.0
2019-07-05 03:45:00,1.118,1.118,20.6,0.0,0,0.0,0.0
2019-07-05 04:00:00,0.893,0.893,20.5,0.0,0,0.0,0.0
2019-07-05 04:15:00,1.3199999999999998,1.3199999999999998,20.5,0.0,0,0.0,0.0
2019-07-05 04:30:00,0.8919999999999999,0.8919999999999999,20.5,0.0,0,0.0,0.0
2019-07-05 04:45:00,1.17,1.17,20.5,0.0,0,0.0,0.0
2019-07-05 05:00:00,1.0,1.0,20.4,0.0,0,0.0,0.0
2019-07-05 05:15:00,1.641,1.641,20.4,0.0,0,0.0,0.0
2019-07-05 05:30:00,2.844,2.844,20.4,0.0,0,0.0,0.0
2019-07-05 05:45:00,3.687,3.687,20.4,0.0,0,0.0,0.0
2019-07-05 06:00:00,4.337,4.337,20.5,0.0,0,0.0,0.0
2019-07-05 06:15:00,4.672,4.672,20.5,0.0,0,0.0,0.0
2019-07-05 06:30:00,4.751,4.751,20.5,0.0,0,0.0,0.0
2019-07-05 06:45:00,5.436,5.436,20.5,0.0,0,0.0,0.0
2019-07-05 07:00:00,5.321,5.321,22.4,0.0,0,0.0,0.0
2019-07-05 07:15:00,5.164,5.164,22.4,0.0,0,0.0,0.0
2019-07-05 07:30:00,5.423,5.423,22.4,0.0,0,0.0,0.0
2019-07-05 07:45:00,3.486,3.486,22.4,0.0,0,0.0,0.0
2019-07-05 08:00:00,5.651,4.151,23.9,1.5,1,0.0,1.5
2019-07-05 08:15:00,4.135,4.135,23.9,0.0,0,0.0,0.0
2019-07-05 08:30:00,4.911,4.911,23.9,0.0,0,0.0,0.0
2019-07-05 08:45:00,4.678,4.678,23.9,0.0,0,0.0,0.0
2019-07-05 09:00:00,4.635,4.635,25.0,0.0,0,0.0,0.0
2019-07-05 09:15:00,4.983,4.983,25.0,0.0,0,0.0,0.0
2019-07-05 09:30:00,5.691,5.691,25.0,0.0,0,0.0,0.0
2019-07-05 09:45:00,5.576,5.576,25.0,0.0,0,0.0,0.0
2019-07-05 10:00:00,4.525,4.025,26.1,0.5,1,0.0,0.5
2019-07-05 10:15:00,6.099,6.099,26.1,0.0,0,0.0,0.0
2019-07-05 10:30:00,6.431,3.931,26.1,2.5,1,0.0,2.5
2019-07-05 10:45:00,5.912,5.912,26.1,0.0,0,0.0,0.0
2019-07-05 11:00:00,5.729,5.729,27.2,0.0,0,0.0,0.0
2019-07-05 11:15:00,3.55,3.55,27.2,0.0,0,0.0,0.0
2019-07-05 11:30:00,6.078,3.5780000000000003,27.2,2.5,1,0.0,2.5
2019-07-05 11:45:00,5.896,5.896,27.2,0.0,0,0.0,0.0
2019-07-05 12:00:00,4.76,4.26,27.3,0.5,1,0.0,0.5
2019-07-05 12:15:00,5.008,5.008,27.3,0.0,0,0.0,0.0
2019-07-05 12:30:00,5.005,5.005,27.3,0.0,0,0.0,0.0
2019-07-05 12:45:00,3.366,3.366,27.3,0.0,0,0.0,0.0
2019-07-05 13:00:00,4.092,4.092,27.0,0.0,0,0.0,0.0
2019-07-05 13:15:00,3.392,3.392,27.0,0.0,0,0.0,0.0
2019-07-05 13:30:00,6.275,3.7750000000000004,27.0,2.5,1,0.0,2.5
2019-07-05 13:45:00,2.839,2.839,27.0,0.0,0,0.0,0.0
2019-07-05 14:00:00,1.947,1.947,27.3,0.0,0,0.0,0.0
2019-07-05 14:15:00,6.257,3.7569999999999997,27.3,2.5,1,0.0,2.5
2019-07-05 14:30:00,5.748,5.748,27.3,0.0,0,0.0,0.0
2019-07-05 14:45:00,5.556,5.556,27.3,0.0,0,0.0,0.0
2019-07-05 15:00:00,5.404,5.404,26.6,0.0,0,0.0,0.0
2019-07-05 15:15:00,4.715,4.715,26.6,0.0,0,0.0,0.0
2019-07-05 15:30:00,2.417,2.4170000001394687,26.6,0.0,0,0.0,0.0
2019-07-05 15:45:00,4.914,2.4139999999999997,26.6,2.5,1,0.0,2.5
2019-07-05 16:00:00,1.954,1.454,26.2,0.5,1,0.0,0.5
2019-07-05 16:15:00,1.945,1.945,26.2,0.0,0,0.0,0.0
2019-07-05 16:30:00,1.887,1.887,26.2,0.0,0,0.0,0.0
2019-07-05 16:45:00,1.924,1.924,26.2,0.0,0,0.0,0.0
2019-07-05 17:00:00,2.033,2.033,26.2,0.0,0,0.0,0.0
2019-07-05 17:15:00,1.928,1.928,26.2,0.0,0,0.0,0.0
2019-07-05 17:30:00,1.946,1.946,26.2,0.0,0,0.0,0.0
2019-07-05 17:45:00,1.917,1.917,26.2,0.0,0,0.0,0.0
2019-07-05 18:00:00,1.844,1.844,25.8,0.0,0,0.0,0.0
2019-07-05 18:15:00,1.7959999999999998,1.7959999999999998,25.8,0.0,0,0.0,0.0
2019-07-05 18:30:00,1.794,1.794,25.8,0.0,0,0.0,0.0
2019-07-05 18:45:00,1.905,1.905,25.8,0.0,0,0.0,0.0
2019-07-05 19:00:00,1.807,1.307,25.0,0.5,1,0.0,0.5
2019-07-05 19:15:00,0.951,0.951,25.0,0.0,0,0.0,0.0
2019-07-05 19:30:00,1.072,1.072,25.0,0.0,0,0.0,0.0
2019-07-05 19:45:00,1.199,1.199,25.0,0.0,0,0.0,0.0
2019-07-05 20:00:00,1.209,1.209,24.3,0.0,0,0.0,0.0
2019-07-05 20:15:00,1.161,1.161,24.3,0.0,0,0.0,0.0
2019-07-05 20:30:00,1.042,1.042,24.3,0.0,0,0.0,0.0
2019-07-05 20:45:00,1.064,1.064,24.3,0.0,0,0.0,0.0
2019-07-05 21:00:00,1.184,1.184,23.8,0.0,0,0.0,0.0
2019-07-05 21:15:00,1.198,1.198,23.8,0.0,0,0.0,0.0
2019-07-05 21:30:00,1.216,1.216,23.8,0.0,0,0.0,0.0
2019-07-05 21:45:00,1.181,1.181,23.8,0.0,0,0.0,0.0
2019-07-05 22:00:00,1.115,1.115,23.9,0.0,0,0.0,0.0
2019-07-05 22:15:00,0.571,0.571,23.9,0.0,0,0.0,0.0
2019-07-05 22:30:00,0.536,0.536,23.9,0.0,0,0.0,0.0
2019-07-05 22:45:00,0.497,0.497,23.9,0.0,0,0.0,0.0
2019-07-05 23:00:00,0.473,0.473,24.0,0.0,0,0.0,0.0
2019-07-05 23:15:00,0.424,0.424,24.0,0.0,0,0.0,0.0
2019-07-05 23:30:00,0.455,0.455,24.0,0.0,0,0.0,0.0
2019-07-05 23:45:00,0.589,0.589,24.0,0.0,0,0.0,0.0
2019-07-06 00:00:00,0.51,0.51,24.4,0.0,0,0.0,0.0
2019-07-06 00:15:00,0.328,0.328,24.4,0.0,0,0.0,0.0
2019-07-06 00:30:00,0.346,0.346,24.4,0.0,0,0.0,0.0
2019-07-06 00:45:00,0.54,0.54,24.4,0.0,0,0.0,0.0
2019-07-06 01:00:00,0.621,0.621,24.4,0.0,0,0.0,0.0
2019-07-06 01:15:00,0.438,0.438,24.4,0.0,0,0.0,0.0
2019-07-06 01:30:00,0.328,0.328,24.4,0.0,0,0.0,0.0
2019-07-06 01:45:00,0.52,0.52,24.4,0.0,0,0.0,0.0
2019-07-06 02:00:00,0.622,0.622,24.3,0.0,0,0.0,0.0
2019-07-06 02:15:00,0.51,0.51,24.3,0.0,0,0.0,0.0
2019-07-06 02:30:00,0.509,0.509,24.3,0.0,0,0.0,0.0
2019-07-06 02:45:00,0.592,0.592,24.3,0.0,0,0.0,0.0
2019-07-06 03:00:00,0.612,0.612,24.2,0.0,0,0.0,0.0
2019-07-06 03:15:00,0.537,0.537,24.2,0.0,0,0.0,0.0
2019-07-06 03:30:00,0.633,0.633,24.2,0.0,0,0.0,0.0
2019-07-06 03:45:00,0.441,0.441,24.2,0.0,0,0.0,0.0
2019-07-06 04:00:00,0.653,0.653,24.1,0.0,0,0.0,0.0
2019-07-06 04:15:00,0.619,0.619,24.1,0.0,0,0.0,0.0
2019-07-06 04:30:00,1.014,0.514,24.1,0.5,1,0.0,0.5
2019-07-06 04:45:00,0.474,0.474,24.1,0.0,0,0.0,0.0
2019-07-06 05:00:00,0.542,0.542,24.0,0.0,0,0.0,0.0
2019-07-06 05:15:00,0.5449999999999999,0.5449999999999999,24.0,0.0,0,0.0,0.0
2019-07-06 05:30:00,0.63,0.63,24.0,0.0,0,0.0,0.0
2019-07-06 05:45:00,0.77,0.77,24.0,0.0,0,0.0,0.0
2019-07-06 06:00:00,0.713,0.713,24.4,0.0,0,0.0,0.0
2019-07-06 06:15:00,0.894,0.894,24.4,0.0,0,0.0,0.0
2019-07-06 06:30:00,0.988,0.988,24.4,0.0,0,0.0,0.0
2019-07-06 06:45:00,0.932,0.932,24.4,0.0,0,0.0,0.0
2019-07-06 07:00:00,1.11,1.11,24.0,0.0,0,0.0,0.0
2019-07-06 07:15:00,4.919,4.919,24.0,0.0,0,0.0,0.0
2019-07-06 07:30:00,5.941,5.941,24.0,0.0,0,0.0,0.0
2019-07-06 07:45:00,5.05,2.55,24.0,2.5,1,0.0,2.5
2019-07-06 08:00:00,3.632,3.632,24.8,0.0,0,0.0,0.0
2019-07-06 08:15:00,4.462,4.462,24.8,0.0,0,0.0,0.0
2019-07-06 08:30:00,4.444,4.444,24.8,0.0,0,0.0,0.0
2019-07-06 08:45:00,6.468,3.968,24.8,2.5,1,0.0,2.5
2019-07-06 09:00:00,4.196,4.196,26.2,0.0,0,0.0,0.0
2019-07-06 09:15:00,3.869,3.869,26.2,0.0,0,0.0,0.0
2019-07-06 09:30:00,6.043,6.043,26.2,0.0,0,0.0,0.0
2019-07-06 09:45:00,3.485,3.485,26.2,0.0,0,0.0,0.0
2019-07-06 10:00:00,3.678,3.678,27.9,0.0,0,0.0,0.0
2019-07-06 10:15:00,2.539,2.539,27.9,0.0,0,0.0,0.0
2019-07-06 10:30:00,6.434,6.434,27.9,0.0,0,0.0,0.0
2019-07-06 10:45:00,6.749,6.749,27.9,0.0,0,0.0,0.0
2019-07-06 11:00:00,6.772,4.272,29.1,2.5,1,0.0,2.5
2019-07-06 11:15:00,6.214,3.7140000000000004,29.1,2.5,1,0.0,2.5
2019-07-06 11:30:00,2.167,2.167,29.1,0.0,0,0.0,0.0
2019-07-06 11:45:00,2.055,2.055,29.1,0.0,0,0.0,0.0
2019-07-06 12:00:00,1.5659999999999998,1.5659999999999998,30.3,0.0,0,0.0,0.0
2019-07-06 12:15:00,0.887,0.887,30.3,0.0,0,0.0,0.0
2019-07-06 12:30:00,1.007,1.007,30.3,0.0,0,0.0,0.0
2019-07-06 12:45:00,1.408,1.408,30.3,0.0,0,0.0,0.0
2019-07-06 13:00:00,1.733,1.733,29.7,0.0,0,0.0,0.0
2019-07-06 13:15:00,0.985,0.985,29.7,0.0,0,0.0,0.0
2019-07-06 13:30:00,0.991,0.491,29.7,0.5,1,0.0,0.5
2019-07-06 13:45:00,1.873,0.373,29.7,1.5,1,0.0,1.5
2019-07-06 14:00:00,0.616,0.616,28.0,0.0,0,0.0,0.0
2019-07-06 14:15:00,0.963,0.963,28.0,0.0,0,0.0,0.0
2019-07-06 14:30:00,0.981,0.981,28.0,0.0,0,0.0,0.0
2019-07-06 14:45:00,1.412,0.9119999999999999,28.0,0.5,1,0.0,0.5
2019-07-06 15:00:00,1.358,1.358,28.4,0.0,0,0.0,0.0
2019-07-06 15:15:00,1.411,1.411,28.4,0.0,0,0.0,0.0
2019-07-06 15:30:00,1.411,1.411,28.4,0.0,0,0.0,0.0
2019-07-06 15:45:00,1.331,1.331,28.4,0.0,0,0.0,0.0
2019-07-06 16:00:00,1.535,1.035,29.6,0.5,1,0.0,0.5
2019-07-06 16:15:00,1.882,1.882,29.6,0.0,0,0.0,0.0
2019-07-06 16:30:00,1.724,1.224,29.6,0.5,1,0.0,0.5
2019-07-06 16:45:00,1.581,1.081,29.6,0.5,1,0.0,0.5
2019-07-06 17:00:00,1.664,0.16399999999999992,29.0,1.5,1,0.0,1.5
2019-07-06 17:15:00,1.6310000000000002,0.13100000000000023,29.0,1.5,1,0.0,1.5
2019-07-06 17:30:00,1.52,1.52,29.0,0.0,0,0.0,0.0
2019-07-06 17:45:00,1.803,0.30299999999999994,29.0,1.5,1,0.0,1.5
2019-07-06 18:00:00,1.752,0.252,28.4,1.5,1,0.0,1.5
2019-07-06 18:15:00,1.327,0.827,28.4,0.5,1,0.0,0.5
2019-07-06 18:30:00,0.929,0.42900000000000005,28.4,0.5,1,0.0,0.5
2019-07-06 18:45:00,1.182,0.6819999999999999,28.4,0.5,1,0.0,0.5
2019-07-06 19:00:00,0.964,0.46399999999999997,26.8,0.5,1,0.0,0.5
2019-07-06 19:15:00,0.975,0.475,26.8,0.5,1,0.0,0.5
2019-07-06 19:30:00,0.655,0.15500000000000003,26.8,0.5,1,0.0,0.5
2019-07-06 19:45:00,0.506,0.506,26.8,0.0,0,0.0,0.0
2019-07-06 20:00:00,0.452,0.452,25.8,0.0,0,0.0,0.0
2019-07-06 20:15:00,0.545,0.04500000000000004,25.8,0.5,1,0.0,0.5
2019-07-06 20:30:00,0.559,0.05900000000000005,25.8,0.5,1,0.0,0.5
2019-07-06 20:45:00,0.534,0.03400000000000003,25.8,0.5,1,0.0,0.5
2019-07-06 21:00:00,0.579,0.579,25.4,0.0,0,0.0,0.0
2019-07-06 21:15:00,0.501,0.501,25.4,0.0,0,0.0,0.0
2019-07-06 21:30:00,0.326,0.326,25.4,0.0,0,0.0,0.0
2019-07-06 21:45:00,0.469,0.469,25.4,0.0,0,0.0,0.0
2019-07-06 22:00:00,0.543,0.543,24.7,0.0,0,0.0,0.0
2019-07-06 22:15:00,0.53,0.53,24.7,0.0,0,0.0,0.0
2019-07-06 22:30:00,0.469,0.469,24.7,0.0,0,0.0,0.0
2019-07-06 22:45:00,0.549,0.549,24.7,0.0,0,0.0,0.0
2019-07-06 23:00:00,0.558,0.558,24.4,0.0,0,0.0,0.0
2019-07-06 23:15:00,0.434,0.434,24.4,0.0,0,0.0,0.0
2019-07-06 23:30:00,0.541,0.541,24.4,0.0,0,0.0,0.0
2019-07-06 23:45:00,0.714,0.714,24.4,0.0,0,0.0,0.0
2019-07-07 00:00:00,0.591,0.591,24.0,0.0,0,0.0,0.0
2019-07-07 00:15:00,0.461,0.461,24.0,0.0,0,0.0,0.0
2019-07-07 00:30:00,0.54,0.54,24.0,0.0,0,0.0,0.0
2019-07-07 00:45:00,0.565,0.565,24.0,0.0,0,0.0,0.0
2019-07-07 01:00:00,0.525,0.525,23.8,0.0,0,0.0,0.0
2019-07-07 01:15:00,0.608,0.608,23.8,0.0,0,0.0,0.0
2019-07-07 01:30:00,0.658,0.658,23.8,0.0,0,0.0,0.0
2019-07-07 01:45:00,0.58,0.58,23.8,0.0,0,0.0,0.0
2019-07-07 02:00:00,0.505,0.505,23.9,0.0,0,0.0,0.0
2019-07-07 02:15:00,0.55,0.55,23.9,0.0,0,0.0,0.0
2019-07-07 02:30:00,0.675,0.675,23.9,0.0,0,0.0,0.0
2019-07-07 02:45:00,0.581,0.581,23.9,0.0,0,0.0,0.0
2019-07-07 03:00:00,0.487,0.487,23.4,0.0,0,0.0,0.0
2019-07-07 03:15:00,0.64,0.64,23.4,0.0,0,0.0,0.0
2019-07-07 03:30:00,0.777,0.777,23.4,0.0,0,0.0,0.0
2019-07-07 03:45:00,0.476,0.476,23.4,0.0,0,0.0,0.0
2019-07-07 04:00:00,0.47,0.47,23.2,0.0,0,0.0,0.0
2019-07-07 04:15:00,0.631,0.631,23.2,0.0,0,0.0,0.0
2019-07-07 04:30:00,0.504,0.504,23.2,0.0,0,0.0,0.0
2019-07-07 04:45:00,0.588,0.588,23.2,0.0,0,0.0,0.0
2019-07-07 05:00:00,0.829,0.829,23.3,0.0,0,0.0,0.0
2019-07-07 05:15:00,1.486,1.486,23.3,0.0,0,0.0,0.0
2019-07-07 05:30:00,2.375,1.875,23.3,0.5,1,0.0,0.5
2019-07-07 05:45:00,3.001,3.001,23.3,0.0,0,0.0,0.0
2019-07-07 06:00:00,4.202,1.702,23.5,2.5,1,0.0,2.5
2019-07-07 06:15:00,3.995,3.995,23.5,0.0,0,0.0,0.0
2019-07-07 06:30:00,1.491,1.491,23.5,0.0,0,0.0,0.0
2019-07-07 06:45:00,1.413,1.413,23.5,0.0,0,0.0,0.0
2019-07-07 07:00:00,1.731,1.731,24.0,0.0,0,0.0,0.0
2019-07-07 07:15:00,1.486,1.486,24.0,0.0,0,0.0,0.0
2019-07-07 07:30:00,1.704,1.704,24.0,0.0,0,0.0,0.0
2019-07-07 07:45:00,1.737,1.737,24.0,0.0,0,0.0,0.0
2019-07-07 08:00:00,1.328,1.328,25.3,0.0,0,0.0,0.0
2019-07-07 08:15:00,1.645,1.645,25.3,0.0,0,0.0,0.0
2019-07-07 08:30:00,2.088,2.088,25.3,0.0,0,0.0,0.0
2019-07-07 08:45:00,2.937,2.937,25.3,0.0,0,0.0,0.0
2019-07-07 09:00:00,3.406,3.406,25.9,0.0,0,0.0,0.0
2019-07-07 09:15:00,2.987,2.987,25.9,0.0,0,0.0,0.0
2019-07-07 09:30:00,3.307,3.307,25.9,0.0,0,0.0,0.0
2019-07-07 09:45:00,5.171,5.171,25.9,0.0,0,0.0,0.0
2019-07-07 10:00:00,5.244,4.744,27.0,0.5,1,0.0,0.5
2019-07-07 10:15:00,6.959,6.959,27.0,0.0,0,0.0,0.0
2019-07-07 10:30:00,5.984,5.984,27.0,0.0,0,0.0,0.0
2019-07-07 10:45:00,5.225,4.725,27.0,0.5,1,0.0,0.5
2019-07-07 11:00:00,5.091,4.591,27.5,0.5,1,0.0,0.5
2019-07-07 11:15:00,4.024,1.524,27.5,2.5,1,0.0,2.5
2019-07-07 11:30:00,4.731,4.231,27.5,0.5,1,0.0,0.5
2019-07-07 11:45:00,4.877,4.877,27.5,0.0,0,0.0,0.0
2019-07-07 12:00:00,4.815,4.815,27.8,0.0,0,0.0,0.0
2019-07-07 12:15:00,3.89,3.89,27.8,0.0,0,0.0,0.0
2019-07-07 12:30:00,4.125,4.125,27.8,0.0,0,0.0,0.0
2019-07-07 12:45:00,4.636,4.636,27.8,0.0,0,0.0,0.0
2019-07-07 13:00:00,6.043,6.043,27.9,0.0,0,0.0,0.0
2019-07-07 13:15:00,5.403,5.403,27.9,0.0,0,0.0,0.0
2019-07-07 13:30:00,4.394,4.394,27.9,0.0,0,0.0,0.0
2019-07-07 13:45:00,4.722,4.722,27.9,0.0,0,0.0,0.0
2019-07-07 14:00:00,5.361,5.361,26.8,0.0,0,0.0,0.0
2019-07-07 14:15:00,6.116,5.616,26.8,0.5,1,0.0,0.5
2019-07-07 14:30:00,5.946,5.946,26.8,0.0,0,0.0,0.0
2019-07-07 14:45:00,5.824,5.824,26.8,0.0,0,0.0,0.0
2019-07-07 15:00:00,5.731,5.731,25.6,0.0,0,0.0,0.0
2019-07-07 15:15:00,5.619,5.619,25.6,0.0,0,0.0,0.0
2019-07-07 15:30:00,5.473,5.473,25.6,0.0,0,0.0,0.0
2019-07-07 15:45:00,5.26,5.26,25.6,0.0,0,0.0,0.0
2019-07-07 16:00:00,3.98,3.98,25.0,0.0,0,0.0,0.0
2019-07-07 16:15:00,1.889,1.3889999999408136,25.0,0.5,1,0.0,0.5
2019-07-07 16:30:00,0.792,0.792,25.0,0.0,0,0.0,0.0
2019-07-07 16:45:00,0.8069999999999999,0.30699999999999994,25.0,0.5,1,0.0,0.5
2019-07-07 17:00:00,0.722,0.722,24.2,0.0,0,0.0,0.0
2019-07-07 17:15:00,0.529,0.529,24.2,0.0,0,0.0,0.0
2019-07-07 17:30:00,0.537,0.03700000000000003,24.2,0.5,1,0.0,0.5
2019-07-07 17:45:00,0.623,0.123,24.2,0.5,1,0.0,0.5
2019-07-07 18:00:00,0.579,0.07899999999999996,23.5,0.5,1,0.0,0.5
2019-07-07 18:15:00,0.7350000000000001,0.2350000000000001,23.5,0.5,1,0.0,0.5
2019-07-07 18:30:00,0.759,0.259,23.5,0.5,1,0.0,0.5
2019-07-07 18:45:00,0.481,0.481,23.5,0.0,0,0.0,0.0
2019-07-07 19:00:00,0.723,0.22299999999999998,23.6,0.5,1,0.0,0.5
2019-07-07 19:15:00,0.653,0.15300000000000002,23.6,0.5,1,0.0,0.5
2019-07-07 19:30:00,0.502,0.502,23.6,0.0,0,0.0,0.0
2019-07-07 19:45:00,0.498,0.498,23.6,0.0,0,0.0,0.0
2019-07-07 20:00:00,0.468,0.468,22.7,0.0,0,0.0,0.0
2019-07-07 20:15:00,0.515,0.515,22.7,0.0,0,0.0,0.0
2019-07-07 20:30:00,0.412,0.412,22.7,0.0,0,0.0,0.0
2019-07-07 20:45:00,0.629,0.629,22.7,0.0,0,0.0,0.0
2019-07-07 21:00:00,0.566,0.566,22.4,0.0,0,0.0,0.0
2019-07-07 21:15:00,0.433,0.433,22.4,0.0,0,0.0,0.0
2019-07-07 21:30:00,0.539,0.539,22.4,0.0,0,0.0,0.0
2019-07-07 21:45:00,0.636,0.636,22.4,0.0,0,0.0,0.0
2019-07-07 22:00:00,0.487,0.487,22.3,0.0,0,0.0,0.0
2019-07-07 22:15:00,0.594,0.594,22.3,0.0,0,0.0,0.0
2019-07-07 22:30:00,0.667,0.667,22.3,0.0,0,0.0,0.0
2019-07-07 22:45:00,0.608,0.608,22.3,0.0,0,0.0,0.0
2019-07-07 23:00:00,0.437,0.437,22.2,0.0,0,0.0,0.0
2019-07-07 23:15:00,0.724,0.724,22.2,0.0,0,0.0,0.0
2019-07-07 23:30:00,0.633,0.633,22.2,0.0,0,0.0,0.0
2019-07-07 23:45:00,0.834,0.834,22.2,0.0,0,0.0,0.0
